序号,时间,敌人,距离(m),扣血,结果,算法,区间(m),水平,上预判,下预判,弹速,实测弹速,命中耗时(s),枪灵,抑制%,预测坐标,抑制坐标,实际坐标,偏差(3D/水平/垂直),水平沿向偏差,垂直方向
1,13:42:55,StekIo,30.0,-60,命中,GM自研,30-40,5.3,5.6,5.8,465,303.4,0.099,否,100%,"(497.3,248.5,418.8)","(497.3,248.5,418.8)","(496.2,248.5,418.0)",1.4/1.4/0.0,-1.4,平
2,13:42:56,StekIo,31.2,脱靶,脱靶,GM自研,30-40,5.3,5.6,5.8,465,0.0,0.000,否,100%,"(503.5,248.5,432.6)","(503.5,248.5,432.6)","(53.2,-249.3,-100.7)",857.3/698.0/-497.8,-644.0,平
3,13:43:25,StekIo,26.0,-10,命中,GM自研,20-30,5.1,5.5,5.7,470,591.6,0.044,否,100%,"(486.1,248.5,482.7)","(486.1,248.5,482.7)","(485.2,248.5,483.4)",1.1/1.1/0.0,-1.1,平
4,13:43:48,StekIo,43.0,-60,命中,GM自研,40-50,5.4,5.7,5.9,460,356.0,0.121,否,100%,"(469.0,248.5,388.8)","(469.0,248.5,388.8)","(468.0,248.5,388.6)",1.0/1.0/0.0,-1.0,平
5,13:43:49,StekIo,43.8,脱靶,脱靶,GM自研,40-50,5.4,5.7,5.9,460,0.0,0.000,否,100%,"(479.8,248.5,395.4)","(479.8,248.5,395.4)","(56.2,-217.2,-106.1)",804.9/656.5/-465.7,-631.7,平
6,13:44:35,StekIo,45.2,-30,命中,GM自研,40-50,5.4,5.7,5.9,460,515.9,0.088,否,100%,"(447.9,248.5,521.9)","(447.9,248.5,521.9)","(447.6,248.5,520.9)",1.1/1.1/0.0,-1.1,平
7,13:44:36,StekIo,46.3,脱靶,脱靶,GM自研,40-50,5.4,5.7,5.9,460,0.0,0.000,否,100%,"(458.7,248.5,537.5)","(458.7,248.5,537.5)","(55.5,-186.1,-90.1)",863.4/746.0/-434.6,-735.0,平
8,13:44:58,StekIo,13.1,-20,命中,GM自研,10-20,4.9,5.3,5.6,475,18.9,0.696,否,100%,"(356.1,248.5,450.1)","(356.1,248.5,450.1)","(361.4,248.5,460.2)",11.4/11.4/0.0,9.1,平
9,13:44:59,StekIo,17.5,脱靶,脱靶,GM自研,10-20,4.9,5.3,5.6,475,0.0,0.000,否,100%,"(356.7,248.5,473.7)","(356.7,248.5,473.7)","(50.9,-233.2,-103.1)",811.4/652.9/-481.7,-265.0,平
10,13:45:50,StekIo,21.8,-30,命中,GM自研,20-30,5.1,5.5,5.7,470,493.5,0.044,否,100%,"(420.2,248.5,485.5)","(420.2,248.5,485.5)","(420.2,248.5,485.6)",0.1/0.1/0.0,-0.1,平
11,13:45:50,StekIo,23.2,脱靶,脱靶,GM自研,20-30,5.1,5.5,5.7,470,0.0,0.000,否,100%,"(429.8,248.5,478.3)","(429.8,248.5,478.3)","(56.5,-183.8,-104.8)",816.3/692.4/-432.4,-39.2,平
12,13:46:09,StekIo,11.7,-20,命中,GM自研,10-20,4.9,5.3,5.6,475,15.8,0.742,否,100%,"(292.7,248.5,529.6)","(292.7,248.5,529.6)","(285.8,248.5,519.1)",12.6/12.6/0.0,7.7,平
13,13:46:10,StekIo,14.7,脱靶,脱靶,GM自研,10-20,4.9,5.3,5.6,475,0.0,0.000,否,100%,"(290.7,248.5,507.1)","(290.7,248.5,507.1)","(55.7,-237.9,-103.4)",815.2/654.2/-486.4,427.8,平
14,13:46:29,StekIo,20.2,-50,命中,GM自研,20-30,5.1,5.5,5.7,470,368.3,0.055,否,100%,"(470.9,248.5,345.6)","(470.9,248.5,345.6)","(471.3,248.5,345.5)",0.4/0.4/0.0,-0.4,平
15,13:46:29,StekIo,21.7,-10,命中,GM自研,20-30,5.1,5.5,5.7,470,398.4,0.054,否,100%,"(461.2,244.8,343.8)","(461.2,244.8,343.8)","(461.1,248.5,343.7)",3.8/0.1/3.8,0.1,下降
16,13:46:30,StekIo,21.6,脱靶,脱靶,GM自研,20-30,5.1,5.5,5.7,470,0.0,0.000,否,100%,"(460.2,248.5,343.2)","(460.2,248.5,343.2)","(56.9,-264.1,-98.8)",787.9/598.3/-512.6,0.0,平
17,13:47:04,StekIo,32.3,-20,命中,GM自研,30-40,5.3,5.6,5.8,465,329.5,0.098,否,100%,"(496.9,248.5,346.2)","(496.9,248.5,346.2)","(497.1,248.5,345.7)",0.5/0.5/0.0,-0.5,平
18,13:47:05,StekIo,30.7,脱靶,脱靶,GM自研,30-40,5.3,5.6,5.8,465,0.0,0.000,否,100%,"(487.4,248.5,352.1)","(487.4,248.5,352.1)","(53.1,-172.6,-108.5)",760.3/633.0/-421.1,48.4,平
19,13:47:22,StekIo,34.6,-40,命中,GM自研,30-40,5.3,5.6,5.8,465,319.2,0.108,否,100%,"(465.5,248.5,312.7)","(465.5,248.5,312.7)","(466.1,248.5,312.7)",0.6/0.6/0.0,-0.6,平
20,13:47:22,StekIo,35.6,-10,命中,GM自研,30-40,5.3,5.6,5.8,465,647.9,0.055,否,100%,"(453.1,248.5,319.2)","(453.1,248.5,319.2)","(455.3,248.5,317.8)",2.6/2.6/0.0,-2.6,平
21,13:47:23,StekIo,36.3,脱靶,脱靶,GM自研,30-40,5.3,5.6,5.8,465,0.0,0.000,否,100%,"(445.8,248.5,327.5)","(445.8,248.5,327.5)","(57.9,-202.9,-90.4)",727.3/570.2/-451.5,-93.5,平
22,13:47:50,StekIo,38.1,-80,命中,GM自研,30-40,5.3,5.6,5.8,465,356.8,0.107,否,100%,"(461.8,248.5,424.2)","(461.8,248.5,424.2)","(462.5,248.5,424.3)",0.7/0.7/0.0,-0.7,平
23,13:47:50,StekIo,38.9,脱靶,脱靶,GM自研,30-40,5.3,5.6,5.8,465,0.0,0.000,否,100%,"(450.6,248.5,419.8)","(450.6,248.5,419.8)","(54.7,-177.8,-105.9)",784.1/658.1/-426.3,586.6,平
24,13:48:55,StekIo,13.7,脱靶,脱靶,GM自研,10-20,4.9,5.3,5.6,475,0.0,0.000,否,100%,"(470.2,248.5,491.0)","(470.2,248.5,491.0)","(51.4,-250.8,-104.7)",883.0/728.2/-499.4,698.2,平
25,13:49:31,StekIo,92.6,脱靶,脱靶,GM自研,90-100,5.8,6.0,6.2,435,0.0,0.000,否,100%,"(461.1,248.5,386.5)","(461.1,248.5,386.5)","(61.4,-179.4,-88.4)",753.9/620.7/-427.9,-162.1,平
26,13:49:49,StekIo,53.0,-50,命中,GM自研,50-60,5.6,5.8,6.0,455,612.9,0.086,否,100%,"(514.1,248.5,566.9)","(514.1,248.5,566.9)","(516.2,248.5,565.2)",2.7/2.7/0.0,-2.3,平
27,13:49:50,StekIo,49.4,-20,命中,GM自研,40-50,5.4,5.7,5.9,460,453.2,0.109,否,100%,"(503.6,248.5,563.5)","(503.6,248.5,563.5)","(505.1,248.5,562.9)",1.6/1.6/0.0,-1.2,平
28,13:49:54,StekIo,64.7,脱靶,脱靶,GM自研,60-70,5.8,6.0,6.2,450,0.0,0.000,否,100%,"(466.0,248.5,489.1)","(466.0,248.5,489.1)","(59.6,-196.9,-108.4)",848.9/722.6/-445.4,460.1,平
29,13:50:18,StekIo,52.6,-20,命中,GM自研,50-60,5.6,5.8,6.0,455,536.1,0.098,否,100%,"(440.1,248.5,509.6)","(440.1,248.5,509.6)","(438.3,248.5,508.4)",2.1/2.1/0.0,-2.1,平
30,13:50:19,StekIo,42.9,-50,命中,GM自研,40-50,5.4,5.7,5.9,460,397.6,0.108,否,100%,"(452.9,248.5,514.5)","(452.9,248.5,514.5)","(452.1,248.5,514.3)",0.9/0.9/0.0,-0.9,平
31,13:50:20,StekIo,32.8,脱靶,脱靶,GM自研,30-40,5.3,5.6,5.8,465,0.0,0.000,否,100%,"(467.3,248.5,516.4)","(467.3,248.5,516.4)","(61.5,-200.0,-91.7)",857.7/731.1/-448.5,-429.5,平
32,13:50:38,StekIo,35.9,-20,命中,GM自研,30-40,5.3,5.6,5.8,465,328.2,0.109,否,100%,"(588.2,248.5,427.0)","(588.2,248.5,427.0)","(585.6,248.5,426.9)",2.6/2.6/0.0,-1.9,平
33,13:50:39,StekIo,28.2,-40,命中,GM自研,20-30,5.1,5.5,5.7,470,861.2,0.033,否,100%,"(574.4,248.5,434.5)","(574.4,248.5,434.5)","(576.4,248.5,433.4)",2.2/2.2/0.0,-2.2,平
34,13:50:39,StekIo,886.1,脱靶,脱靶,GM自研,290-300,1.2,1.9,2.0,300,0.0,0.000,否,100%,"(286.5,-305.7,-247.4)","(286.5,-305.7,-247.4)","(58.9,-225.1,-104.2)",280.8/268.9/80.6,0.0,平
35,13:50:52,StekIo,86.3,-10,命中,GM自研,80-90,5.9,6.1,6.2,440,419.0,0.206,否,100%,"(402.7,248.5,350.8)","(402.7,248.5,350.8)","(402.7,248.5,349.5)",1.3/1.3/0.0,-1.3,平
36,13:50:52,StekIo,84.2,-10,命中,GM自研,80-90,5.9,6.1,6.2,440,427.9,0.197,否,100%,"(397.6,248.5,358.7)","(397.6,248.5,358.7)","(400.2,248.5,359.2)",2.6/2.6/0.0,-0.4,平
37,13:50:53,StekIo,72.6,脱靶,脱靶,GM自研,70-80,5.8,6.1,6.3,445,0.0,0.000,否,100%,"(405.5,248.5,374.5)","(405.5,248.5,374.5)","(60.2,-206.0,-92.6)",737.6/580.9/-454.5,-560.3,平
38,13:51:09,StekIo,23.0,-50,命中,GM自研,20-30,5.1,5.5,5.7,470,535.0,0.043,否,100%,"(522.2,248.5,417.7)","(522.2,248.5,417.7)","(522.4,248.5,417.1)",0.6/0.6/0.0,-0.6,平
39,13:51:10,StekIo,22.5,脱靶,脱靶,GM自研,20-30,5.1,5.5,5.7,470,0.0,0.000,否,100%,"(510.6,248.5,415.9)","(510.6,248.5,415.9)","(53.7,-177.2,-109.6)",816.1/696.3/-425.7,688.7,平
40,13:51:27,StekIo,123.9,脱靶,脱靶,GM自研,120-130,5.4,5.3,5.5,420,0.0,0.000,否,100%,"(368.3,248.5,392.6)","(368.3,248.5,392.6)","(372.2,248.5,404.3)",12.3/12.3/0.0,12.3,平
41,13:51:28,StekIo,105.3,-30,命中,GM自研,100-110,5.8,5.8,6.0,430,444.6,0.237,否,100%,"(377.3,248.5,416.7)","(377.3,248.5,416.7)","(376.8,248.5,415.3)",1.5/1.5/0.0,-1.5,平
42,13:51:29,StekIo,96.8,脱靶,脱靶,GM自研,90-100,5.8,6.0,6.2,435,0.0,0.000,否,100%,"(383.0,248.5,427.2)","(383.0,248.5,427.2)","(391.6,248.5,440.0)",15.4/15.4/0.0,15.3,平
43,13:51:30,StekIo,76.8,-20,命中,GM自研,70-80,5.8,6.1,6.3,445,414.0,0.186,否,100%,"(399.7,248.5,449.5)","(399.7,248.5,449.5)","(398.9,248.5,448.4)",1.3/1.3/0.0,-1.3,平
44,13:51:31,StekIo,66.4,-10,命中,GM自研,60-70,5.8,6.0,6.2,450,465.5,0.143,否,100%,"(410.6,248.5,459.1)","(410.6,248.5,459.1)","(410.3,248.5,458.9)",0.4/0.4/0.0,-0.4,平
45,13:51:32,StekIo,56.1,-20,命中,GM自研,50-60,5.6,5.8,6.0,455,534.3,0.105,否,100%,"(422.9,248.5,466.9)","(422.9,248.5,466.9)","(421.6,248.5,466.2)",1.5/1.5/0.0,-1.5,平
46,13:51:43,StekIo,64.0,-10,命中,GM自研,60-70,5.8,6.0,6.2,450,389.0,0.165,否,100%,"(591.8,248.5,548.6)","(591.8,248.5,548.6)","(592.5,248.5,547.1)",1.6/1.6/0.0,-1.5,平
47,13:51:43,StekIo,57.3,-30,命中,GM自研,50-60,5.6,5.8,6.0,455,353.8,0.162,否,100%,"(580.4,248.5,544.1)","(580.4,248.5,544.1)","(581.3,248.5,544.3)",1.0/1.0/0.0,-1.0,平
48,13:51:44,StekIo,55.0,脱靶,脱靶,GM自研,50-60,5.6,5.8,6.0,455,0.0,0.000,否,100%,"(576.5,248.6,545.8)","(576.5,248.6,545.8)","(54.8,-267.8,-101.4)",978.6/831.3/-516.3,246.6,平
49,13:51:57,StekIo,62.5,脱靶,脱靶,GM自研,60-70,5.8,6.0,6.2,450,0.0,0.000,否,100%,"(568.3,248.5,601.3)","(568.3,248.5,601.3)","(561.3,248.5,587.2)",15.7/15.7/0.0,15.5,平
50,13:51:58,StekIo,46.8,-20,命中,GM自研,40-50,5.4,5.7,5.9,460,444.2,0.105,否,100%,"(557.7,248.5,581.8)","(557.7,248.5,581.8)","(558.7,248.5,583.5)",2.0/2.0/0.0,-2.0,平
51,13:51:59,StekIo,36.3,-30,命中,GM自研,30-40,5.3,5.6,5.8,465,418.0,0.087,否,100%,"(548.1,248.5,569.9)","(548.1,248.5,569.9)","(548.7,248.5,570.4)",0.7/0.7/0.0,-0.6,平
52,13:52:00,StekIo,33.8,-30,命中,GM自研,30-40,5.3,5.6,5.8,465,624.3,0.054,否,100%,"(540.0,248.5,560.1)","(540.0,248.5,560.1)","(541.4,248.5,560.6)",1.5/1.5/0.0,-1.5,平
53,13:52:00,StekIo,32.0,脱靶,脱靶,GM自研,30-40,5.3,5.6,5.8,465,0.0,0.000,否,100%,"(532.5,248.5,552.1)","(532.5,248.5,552.1)","(514.6,248.5,556.8)",18.5/18.5/0.0,8.8,平
54,13:52:02,StekIo,19.6,脱靶,脱靶,GM自研,10-20,4.9,5.3,5.6,475,0.0,0.000,否,100%,"(495.8,248.5,565.7)","(495.8,248.5,565.7)","(53.6,-199.1,-91.0)",909.5/791.7/-447.6,-168.0,平
55,13:52:36,StekIo,271.2,脱靶,脱靶,GM自研,270-280,1.5,2.2,2.3,324,0.0,0.000,否,100%,"(371.9,248.5,601.6)","(371.9,248.5,601.6)","(371.9,248.5,597.8)",3.8/3.8/-0.0,3.7,平
56,13:52:37,StekIo,250.5,脱靶,脱靶,GM自研,250-260,1.9,2.5,2.7,348,0.0,0.000,否,100%,"(368.5,248.5,574.9)","(368.5,248.5,574.9)","(368.1,248.5,568.0)",6.9/6.9/-0.0,6.9,平
57,13:52:38,StekIo,234.3,脱靶,脱靶,GM自研,230-240,2.2,2.7,2.9,365,0.0,0.000,否,100%,"(380.2,240.0,574.7)","(380.2,240.0,574.7)","(367.7,248.5,562.2)",19.6/17.7/8.5,13.4,下降
58,13:52:40,StekIo,217.3,脱靶,脱靶,GM自研,210-220,2.5,2.8,3.0,375,0.0,0.000,否,100%,"(366.6,248.5,548.9)","(366.6,248.5,548.9)","(367.1,248.5,542.2)",6.7/6.7/0.0,6.6,平
59,13:52:42,StekIo,179.9,-10,命中,GM自研,170-180,4.5,3.8,4.1,395,394.8,0.456,否,100%,"(368.5,248.5,512.9)","(368.5,248.5,512.9)","(368.7,248.5,514.6)",1.7/1.7/0.0,-1.7,平
60,13:52:43,StekIo,172.0,脱靶,脱靶,GM自研,170-180,4.5,3.8,4.1,395,0.0,0.000,否,100%,"(370.2,248.5,502.4)","(370.2,248.5,502.4)","(372.8,248.5,490.9)",11.8/11.8/0.0,11.8,平
61,13:52:44,StekIo,135.3,-20,命中,GM自研,130-140,5.2,5.0,5.2,415,390.4,0.347,否,100%,"(376.9,248.5,476.3)","(376.9,248.5,476.3)","(377.1,248.5,476.2)",0.2/0.2/0.0,0.2,平
62,13:52:45,StekIo,126.3,脱靶,脱靶,GM自研,120-130,5.4,5.3,5.5,420,0.0,0.000,否,100%,"(381.3,248.5,464.6)","(381.3,248.5,464.6)","(387.6,248.5,452.1)",14.0/14.0/0.0,13.9,平
63,13:52:46,StekIo,91.2,-10,命中,GM自研,90-100,5.8,6.0,6.2,435,494.2,0.185,否,100%,"(393.5,248.5,442.4)","(393.5,248.5,442.4)","(392.8,248.5,443.4)",1.2/1.2/0.0,-1.2,平
64,13:53:21,StekIo,57.5,脱靶,脱靶,GM自研,50-60,5.6,5.8,6.0,455,0.0,0.000,否,100%,"(508.3,248.5,454.3)","(508.3,248.5,454.3)","(497.4,248.5,444.3)",14.8/14.8/0.0,11.4,平
65,13:53:23,StekIo,63.0,脱靶,脱靶,GM自研,60-70,5.8,6.0,6.2,450,0.0,0.000,否,100%,"(495.7,248.5,446.1)","(495.7,248.5,446.1)","(491.6,248.5,445.6)",4.1/4.1/0.0,3.5,平
66,13:53:24,StekIo,61.7,-50,命中,GM自研,60-70,5.8,6.0,6.2,450,379.6,0.163,否,100%,"(487.7,248.5,444.7)","(487.7,248.5,444.7)","(487.9,248.5,444.8)",0.2/0.2/0.0,-0.1,平
67,13:53:26,StekIo,60.0,脱靶,脱靶,GM自研,60-70,5.8,6.0,6.2,450,0.0,0.000,否,100%,"(467.4,248.5,445.9)","(467.4,248.5,445.9)","(452.0,248.5,449.8)",15.9/15.9/0.0,15.6,平
68,13:53:28,StekIo,76.6,-30,命中,GM自研,70-80,5.8,6.1,6.3,445,84.8,0.903,否,100%,"(432.7,248.5,466.6)","(432.7,248.5,466.6)","(425.7,248.5,478.1)",13.4/13.4/0.0,13.2,平
69,13:53:44,StekIo,60.8,-10,命中,GM自研,60-70,5.8,6.0,6.2,450,400.5,0.152,否,100%,"(434.0,248.5,626.9)","(434.0,248.5,626.9)","(434.5,248.5,628.6)",1.8/1.8/0.0,-1.8,平
70,13:53:44,StekIo,52.6,-30,命中,GM自研,50-60,5.6,5.8,6.0,455,369.1,0.143,否,100%,"(433.6,248.5,615.4)","(433.6,248.5,615.4)","(433.7,248.5,615.7)",0.3/0.3/0.0,-0.3,平
71,13:53:49,StekIo,54.2,-30,命中,GM自研,50-60,5.6,5.8,6.0,455,388.3,0.140,否,100%,"(450.0,248.5,572.2)","(450.0,248.5,572.2)","(449.5,248.5,572.8)",0.8/0.8/0.0,-0.8,平
72,13:53:49,StekIo,46.6,脱靶,脱靶,GM自研,40-50,5.4,5.7,5.9,460,0.0,0.000,否,100%,"(459.2,248.5,565.5)","(459.2,248.5,565.5)","(474.9,248.5,558.8)",17.1/17.1/0.0,16.7,平
73,13:53:53,StekIo,80.7,脱靶,脱靶,GM自研,80-90,5.9,6.1,6.2,440,0.0,0.000,否,100%,"(524.9,248.5,543.9)","(524.9,248.5,543.9)","(57.7,-223.3,-106.0)",929.1/800.4/-471.9,-447.9,平
74,13:54:13,StekIo,45.9,-50,命中,GM自研,40-50,5.4,5.7,5.9,460,70.4,0.651,否,100%,"(466.0,248.5,699.0)","(466.0,248.5,699.0)","(472.1,248.5,691.2)",9.9/9.9/0.0,9.7,平
75,13:54:14,StekIo,47.3,-30,命中,GM自研,40-50,5.4,5.7,5.9,460,434.1,0.109,否,100%,"(478.3,248.5,678.1)","(478.3,248.5,678.1)","(477.5,248.5,680.0)",2.0/2.0/0.0,-2.0,平
76,13:54:17,StekIo,56.8,脱靶,脱靶,GM自研,50-60,5.6,5.8,6.0,455,0.0,0.000,否,100%,"(461.4,248.5,630.9)","(461.4,248.5,630.9)","(57.1,-163.4,-89.3)",922.9/825.9/-411.9,825.1,平
77,13:54:34,StekIo,60.2,脱靶,脱靶,GM自研,60-70,5.8,6.0,6.2,450,0.0,0.000,否,100%,"(481.3,248.5,337.5)","(481.3,248.5,337.5)","(485.2,248.5,338.3)",4.0/4.0/0.0,3.0,平
78,13:54:38,StekIo,86.2,-10,命中,GM自研,80-90,5.9,6.1,6.2,440,401.1,0.215,否,100%,"(521.9,248.5,371.6)","(521.9,248.5,371.6)","(521.7,248.5,371.6)",0.2/0.2/0.0,-0.1,平
79,13:54:39,StekIo,86.7,-30,命中,GM自研,80-90,5.9,6.1,6.2,440,418.6,0.207,否,100%,"(530.1,248.5,385.2)","(530.1,248.5,385.2)","(529.0,248.5,383.5)",2.0/2.0/0.0,-2.0,平
80,13:54:39,StekIo,87.1,-20,命中,GM自研,80-90,5.9,6.1,6.2,440,335.1,0.260,否,100%,"(534.8,248.5,397.5)","(534.8,248.5,397.5)","(534.3,248.5,396.4)",1.2/1.2/0.0,-1.2,平
81,13:54:41,StekIo,99.5,-10,命中,GM自研,90-100,5.8,6.0,6.2,435,399.4,0.249,否,100%,"(522.2,248.5,432.1)","(522.2,248.5,432.1)","(522.0,248.5,432.2)",0.2/0.2/0.0,0.2,平
82,13:54:57,StekIo,88.8,-10,命中,GM自研,80-90,5.9,6.1,6.2,440,355.1,0.250,否,100%,"(483.9,248.5,689.9)","(483.9,248.5,689.9)","(479.1,248.5,690.2)",4.8/4.8/0.0,-4.8,平
83,13:54:59,StekIo,80.3,-10,命中,GM自研,80-90,5.9,6.1,6.2,440,397.4,0.202,否,100%,"(488.4,248.5,677.8)","(488.4,248.5,677.8)","(488.1,248.5,678.2)",0.5/0.5/0.0,-0.5,平
84,13:55:00,StekIo,74.5,-30,命中,GM自研,70-80,5.8,6.1,6.3,445,360.8,0.207,否,100%,"(497.1,248.5,656.6)","(497.1,248.5,656.6)","(496.7,248.5,657.5)",1.0/1.0/0.0,-1.0,平
85,13:55:01,StekIo,66.6,-10,命中,GM自研,60-70,5.8,6.0,6.2,450,475.5,0.140,否,100%,"(505.6,248.5,645.3)","(505.6,248.5,645.3)","(502.7,248.5,645.9)",2.9/2.9/0.0,-2.7,平
86,13:55:02,StekIo,58.6,-20,命中,GM自研,50-60,5.6,5.8,6.0,455,361.7,0.162,否,100%,"(505.6,248.5,629.2)","(505.6,248.5,629.2)","(505.5,248.5,629.7)",0.5/0.5/0.0,-0.5,平
87,13:55:04,StekIo,70.2,脱靶,脱靶,GM自研,70-80,5.8,6.1,6.3,445,0.0,0.000,否,100%,"(500.4,248.5,583.6)","(500.4,248.5,583.6)","(54.9,-217.7,-88.8)",931.6/806.6/-466.2,791.6,平
88,13:55:18,StekIo,85.5,脱靶,脱靶,GM自研,80-90,5.9,6.1,6.2,440,0.0,0.000,否,100%,"(347.0,248.5,429.9)","(347.0,248.5,429.9)","(358.5,248.5,421.2)",14.5/14.5/0.0,14.1,平
89,13:55:19,StekIo,89.3,-10,命中,GM自研,80-90,5.9,6.1,6.2,440,342.5,0.261,否,100%,"(366.3,248.5,416.3)","(366.3,248.5,416.3)","(367.1,248.5,416.1)",0.8/0.8/0.0,0.7,平
90,13:55:19,StekIo,89.7,脱靶,脱靶,GM自研,80-90,5.9,6.1,6.2,440,0.0,0.000,否,100%,"(378.2,248.5,410.9)","(378.2,248.5,410.9)","(381.4,248.5,410.3)",3.3/3.3/0.0,3.2,平
91,13:55:21,StekIo,100.0,-40,命中,GM自研,90-100,5.8,6.0,6.2,435,398.4,0.251,否,100%,"(383.9,248.5,411.1)","(383.9,248.5,411.1)","(384.1,248.5,410.4)",0.7/0.7/-0.0,-0.2,平
92,13:55:21,StekIo,99.7,-10,命中,GM自研,90-100,5.8,6.0,6.2,435,384.6,0.259,否,100%,"(389.4,248.5,409.2)","(389.4,248.5,409.2)","(389.3,248.5,409.2)",0.1/0.1/0.0,-0.1,平
93,13:55:23,StekIo,111.5,-20,命中,GM自研,110-120,5.6,5.6,5.8,425,394.3,0.283,否,100%,"(406.8,248.5,407.3)","(406.8,248.5,407.3)","(406.1,248.5,407.5)",0.7/0.7/0.0,-0.7,平
94,13:55:23,StekIo,111.7,脱靶,脱靶,GM自研,110-120,5.6,5.6,5.8,425,0.0,0.000,否,100%,"(419.7,248.5,407.6)","(419.7,248.5,407.6)","(58.9,-245.8,-107.2)",799.8/628.7/-494.4,-370.8,平
95,13:55:57,StekIo,94.9,-10,命中,GM自研,90-100,5.8,6.0,6.2,435,366.1,0.259,否,100%,"(528.4,248.5,441.7)","(528.4,248.5,441.7)","(528.9,248.5,442.2)",0.6/0.6/0.0,-0.6,平
96,13:55:57,StekIo,95.3,-50,命中,GM自研,90-100,5.8,6.0,6.2,435,379.0,0.251,否,100%,"(516.8,248.5,435.9)","(516.8,248.5,435.9)","(518.1,248.5,436.9)",1.6/1.6/0.0,-1.6,平
97,13:55:59,StekIo,96.0,脱靶,脱靶,GM自研,90-100,5.8,6.0,6.2,435,0.0,0.000,否,100%,"(490.5,248.5,429.6)","(490.5,248.5,429.6)","(51.8,-171.7,-94.0)",802.0/683.1/-420.2,525.9,平
98,13:56:35,StekIo,51.3,-40,命中,GM自研,50-60,5.6,5.8,6.0,455,523.2,0.098,否,100%,"(472.9,248.5,556.9)","(472.9,248.5,556.9)","(474.1,248.5,558.2)",1.8/1.8/0.0,-1.8,平
99,13:56:39,StekIo,89.1,-10,命中,GM自研,80-90,5.9,6.1,6.2,440,359.2,0.248,否,100%,"(425.2,248.5,495.4)","(425.2,248.5,495.4)","(425.3,248.5,495.1)",0.3/0.3/0.0,0.2,平
100,13:56:39,StekIo,89.5,脱靶,脱靶,GM自研,80-90,5.9,6.1,6.2,440,0.0,0.000,否,100%,"(422.2,248.5,484.1)","(422.2,248.5,484.1)","(422.9,248.5,485.3)",1.4/1.4/0.0,-1.3,平
101,13:56:41,StekIo,102.2,脱靶,脱靶,GM自研,100-110,5.8,5.8,6.0,430,0.0,0.000,否,100%,"(421.7,248.5,476.5)","(421.7,248.5,476.5)","(421.3,248.5,467.6)",8.9/8.9/0.0,8.9,平
102,13:56:42,StekIo,102.4,-10,命中,GM自研,100-110,5.8,5.8,6.0,430,378.0,0.271,否,100%,"(421.3,248.5,461.5)","(421.3,248.5,461.5)","(421.4,248.5,462.1)",0.6/0.6/0.0,-0.6,平
103,13:56:43,StekIo,102.6,-20,命中,GM自研,100-110,5.8,5.8,6.0,430,411.0,0.250,否,100%,"(422.1,248.5,452.8)","(422.1,248.5,452.8)","(422.3,248.5,452.6)",0.2/0.2/0.0,0.2,平
104,13:56:43,StekIo,102.8,脱靶,脱靶,GM自研,100-110,5.8,5.8,6.0,430,0.0,0.000,否,100%,"(424.3,248.5,441.0)","(424.3,248.5,441.0)","(54.0,-238.2,-107.0)",821.2/661.4/-486.7,472.2,平
105,13:57:22,StekIo,91.4,脱靶,脱靶,GM自研,90-100,5.8,6.0,6.2,435,0.0,0.000,否,100%,"(485.7,248.5,401.1)","(485.7,248.5,401.1)","(471.7,248.5,400.8)",14.0/14.0/0.0,13.9,平
106,13:57:23,StekIo,91.8,-10,命中,GM自研,90-100,5.8,6.0,6.2,435,370.1,0.248,否,100%,"(464.8,248.5,401.1)","(464.8,248.5,401.1)","(465.4,248.5,401.2)",0.5/0.5/0.0,-0.5,平
107,13:57:23,StekIo,92.1,-10,命中,GM自研,90-100,5.8,6.0,6.2,435,337.6,0.273,否,100%,"(453.1,248.5,403.2)","(453.1,248.5,403.2)","(453.5,248.5,403.3)",0.5/0.5/0.0,-0.5,平
108,13:57:24,StekIo,92.5,脱靶,脱靶,GM自研,90-100,5.8,6.0,6.2,435,0.0,0.000,否,100%,"(441.6,248.5,406.8)","(441.6,248.5,406.8)","(428.6,248.5,413.3)",14.5/14.5/0.0,14.4,平
109,13:57:26,StekIo,93.3,-20,命中,GM自研,90-100,5.8,6.0,6.2,435,480.2,0.194,否,100%,"(415.3,248.5,422.3)","(415.3,248.5,422.3)","(416.3,248.5,421.8)",1.1/1.1/0.0,-1.1,平
110,13:57:26,StekIo,93.6,-40,命中,GM自研,90-100,5.8,6.0,6.2,435,116.2,0.806,否,100%,"(407.1,248.5,430.2)","(407.1,248.5,430.2)","(400.5,248.5,438.4)",10.5/10.5/0.0,10.4,平
111,13:57:27,StekIo,94.2,脱靶,脱靶,GM自研,90-100,5.8,6.0,6.2,435,0.0,0.000,否,100%,"(393.6,248.5,448.8)","(393.6,248.5,448.8)","(54.0,-203.1,-88.1)",779.5/635.4/-451.6,-268.3,平
112,13:57:47,StekIo,96.3,-40,命中,GM自研,90-100,5.8,6.0,6.2,435,373.6,0.258,否,100%,"(535.4,248.5,411.6)","(535.4,248.5,411.6)","(535.3,248.5,411.1)",0.5/0.5/0.0,-0.5,平
113,13:57:48,StekIo,93.8,-10,命中,GM自研,90-100,5.8,6.0,6.2,435,409.6,0.229,否,100%,"(548.5,248.5,421.0)","(548.5,248.5,421.0)","(547.6,248.5,420.4)",1.1/1.1/0.0,-1.1,平
114,13:57:49,StekIo,94.2,脱靶,脱靶,GM自研,90-100,5.8,6.0,6.2,435,0.0,0.000,否,100%,"(556.9,248.5,430.3)","(556.9,248.5,430.3)","(564.7,248.5,442.4)",14.5/14.5/0.0,14.3,平
115,13:57:50,StekIo,94.9,-20,命中,GM自研,90-100,5.8,6.0,6.2,435,368.0,0.258,否,100%,"(569.4,248.5,451.4)","(569.4,248.5,451.4)","(568.0,248.5,451.3)",1.5/1.5/0.0,-0.7,平
116,13:57:50,StekIo,94.2,-10,命中,GM自研,90-100,5.8,6.0,6.2,435,395.2,0.238,否,100%,"(572.4,248.5,462.5)","(572.4,248.5,462.5)","(571.8,248.5,461.6)",1.1/1.1/0.0,-1.1,平
117,13:57:51,StekIo,94.5,脱靶,脱靶,GM自研,90-100,5.8,6.0,6.2,435,0.0,0.000,否,100%,"(574.9,248.5,474.9)","(574.9,248.5,474.9)","(573.8,248.5,489.2)",14.3/14.3/0.0,13.7,平
118,13:57:52,StekIo,93.1,脱靶,脱靶,GM自研,90-100,5.8,6.0,6.2,435,0.0,0.000,否,100%,"(573.3,248.5,500.1)","(573.3,248.5,500.1)","(54.6,-209.8,-107.0)",920.7/798.5/-458.3,-575.2,平
119,13:58:21,StekIo,99.2,-20,命中,GM自研,90-100,5.8,6.0,6.2,435,124.7,0.796,否,100%,"(394.0,248.5,547.8)","(394.0,248.5,547.8)","(400.5,248.5,556.3)",10.7/10.7/0.0,10.6,平
120,13:58:22,StekIo,99.8,-10,命中,GM自研,90-100,5.8,6.0,6.2,435,416.3,0.240,否,100%,"(408.1,248.5,564.7)","(408.1,248.5,564.7)","(407.7,248.5,564.1)",0.8/0.8/0.0,-0.8,平
121,13:58:24,StekIo,109.9,-20,命中,GM自研,100-110,5.8,5.8,6.0,430,353.7,0.311,否,100%,"(416.7,248.5,571.7)","(416.7,248.5,571.7)","(416.7,248.5,571.7)",0.0/0.0/0.0,-0.0,平
122,13:58:25,StekIo,109.9,-30,命中,GM自研,100-110,5.8,5.8,6.0,430,443.0,0.248,否,100%,"(420.8,248.5,574.6)","(420.8,248.5,574.6)","(420.5,248.5,574.3)",0.5/0.5/0.0,-0.5,平
123,13:58:25,StekIo,109.9,脱靶,脱靶,GM自研,100-110,5.8,5.8,6.0,430,0.0,0.000,否,100%,"(426.3,248.5,578.1)","(426.3,248.5,578.1)","(435.4,248.5,582.9)",10.3/10.3/0.0,10.3,平
124,13:58:27,StekIo,105.9,脱靶,脱靶,GM自研,100-110,5.8,5.8,6.0,430,0.0,0.000,否,100%,"(446.6,248.5,587.5)","(446.6,248.5,587.5)","(54.9,-260.8,-95.7)",937.8/787.5/-509.3,-616.4,平
125,13:58:41,StekIo,95.3,-10,命中,GM自研,90-100,5.8,6.0,6.2,435,382.8,0.249,否,100%,"(440.8,248.5,657.7)","(440.8,248.5,657.7)","(441.9,248.5,657.8)",1.1/1.1/0.0,-1.1,平
126,13:58:42,StekIo,95.6,-20,命中,GM自研,90-100,5.8,6.0,6.2,435,384.8,0.249,否,100%,"(430.2,248.5,652.0)","(430.2,248.5,652.0)","(431.2,248.5,652.3)",1.0/1.0/0.0,-1.0,平
127,13:58:42,StekIo,96.0,-20,命中,GM自研,90-100,5.8,6.0,6.2,435,490.3,0.196,否,100%,"(419.6,248.5,644.4)","(419.6,248.5,644.4)","(421.7,248.5,645.7)",2.5/2.5/0.0,-2.5,平
128,13:58:44,StekIo,108.7,-10,命中,GM自研,100-110,5.8,5.8,6.0,430,128.8,0.844,否,100%,"(401.8,248.5,624.5)","(401.8,248.5,624.5)","(396.2,248.5,615.3)",10.7/10.7/0.0,10.7,平
129,13:58:45,StekIo,109.3,-10,命中,GM自研,100-110,5.8,5.8,6.0,430,371.4,0.294,否,100%,"(390.3,248.5,603.9)","(390.3,248.5,603.9)","(391.0,248.5,604.6)",0.9/0.9/0.0,-0.9,平
130,13:58:45,StekIo,109.6,脱靶,脱靶,GM自研,100-110,5.8,5.8,6.0,430,0.0,0.000,否,100%,"(386.4,248.5,592.2)","(386.4,248.5,592.2)","(53.5,-179.0,-107.3)",884.8/774.6/-427.6,770.2,平
131,13:59:03,StekIo,100.4,脱靶,脱靶,GM自研,100-110,5.8,5.8,6.0,430,0.0,0.000,否,100%,"(453.5,248.5,463.3)","(453.5,248.5,463.3)","(440.5,248.5,467.4)",13.6/13.6/0.0,13.4,平
132,13:59:04,StekIo,100.9,-30,命中,GM自研,100-110,5.8,5.8,6.0,430,420.1,0.240,否,100%,"(432.2,248.5,470.5)","(432.2,248.5,470.5)","(433.1,248.5,470.4)",0.9/0.9/0.0,-0.9,平
133,13:59:05,StekIo,101.2,-10,命中,GM自研,100-110,5.8,5.8,6.0,430,401.8,0.252,否,100%,"(420.7,248.5,476.6)","(420.7,248.5,476.6)","(421.8,248.5,476.3)",1.1/1.1/0.0,-1.1,平
134,13:59:06,StekIo,101.6,脱靶,脱靶,GM自研,100-110,5.8,5.8,6.0,430,0.0,0.000,否,100%,"(411.1,248.5,483.5)","(411.1,248.5,483.5)","(405.1,248.5,489.2)",8.3/8.3/0.0,8.2,平
135,13:59:07,StekIo,103.0,-30,命中,GM自研,100-110,5.8,5.8,6.0,430,378.6,0.272,否,100%,"(402.4,248.5,491.9)","(402.4,248.5,491.9)","(402.4,248.5,491.9)",0.0/0.0/-0.0,-0.0,平
136,13:59:08,StekIo,103.0,-10,命中,GM自研,100-110,5.8,5.8,6.0,430,378.7,0.272,否,100%,"(399.2,248.5,495.4)","(399.2,248.5,495.4)","(399.1,248.5,495.6)",0.2/0.2/-0.0,0.2,平
137,13:59:09,StekIo,105.5,脱靶,脱靶,GM自研,100-110,5.8,5.8,6.0,430,0.0,0.000,否,100%,"(389.7,248.5,507.7)","(389.7,248.5,507.7)","(54.7,-247.9,-86.3)",843.5/682.0/-496.4,-283.1,平
138,13:59:24,StekIo,101.0,-10,命中,GM自研,100-110,5.8,5.8,6.0,430,405.8,0.249,否,100%,"(569.1,248.5,570.6)","(569.1,248.5,570.6)","(568.9,248.5,568.6)",2.1/2.1/0.0,-1.8,平
139,13:59:25,StekIo,97.8,脱靶,脱靶,GM自研,90-100,5.8,6.0,6.2,435,0.0,0.000,否,100%,"(560.8,248.5,577.7)","(560.8,248.5,577.7)","(552.7,248.5,587.9)",13.1/13.1/0.0,12.9,平
140,13:59:26,StekIo,98.6,脱靶,脱靶,GM自研,90-100,5.8,6.0,6.2,435,0.0,0.000,否,100%,"(545.0,248.5,596.0)","(545.0,248.5,596.0)","(534.0,248.5,603.0)",13.0/13.0/0.0,12.6,平
141,13:59:27,StekIo,98.3,脱靶,脱靶,GM自研,90-100,5.8,6.0,6.2,435,0.0,0.000,否,100%,"(525.1,248.5,608.8)","(525.1,248.5,608.8)","(512.3,248.5,614.2)",13.9/13.9/0.0,13.6,平
142,13:59:29,StekIo,98.9,-40,命中,GM自研,90-100,5.8,6.0,6.2,435,413.4,0.239,否,100%,"(501.7,248.5,617.7)","(501.7,248.5,617.7)","(502.8,248.5,617.1)",1.2/1.2/0.0,-1.2,平
143,13:59:29,StekIo,99.2,-20,命中,GM自研,90-100,5.8,6.0,6.2,435,416.4,0.238,否,100%,"(489.8,248.5,619.7)","(489.8,248.5,619.7)","(490.0,248.5,619.5)",0.3/0.3/0.0,-0.3,平
144,13:59:35,StekIo,102.1,脱靶,脱靶,GM自研,100-110,5.8,5.8,6.0,430,0.0,0.000,否,100%,"(430.8,248.5,601.6)","(430.8,248.5,601.6)","(53.7,-252.0,-98.0)",939.2/794.8/-500.5,0.0,平
145,14:00:10,StekIo,158.4,-10,命中,GM自研,150-160,5.2,4.7,4.6,405,178.8,0.886,否,100%,"(303.4,248.5,457.7)","(303.4,248.5,457.7)","(311.6,248.5,455.7)",8.5/8.5/0.0,8.5,平
146,14:00:11,StekIo,124.2,-20,命中,GM自研,120-130,5.4,5.3,5.5,420,145.4,0.854,否,100%,"(324.9,248.5,452.4)","(324.9,248.5,452.4)","(334.4,248.5,449.9)",9.8/9.8/0.0,9.8,平
147,14:00:13,StekIo,88.0,-20,命中,GM自研,80-90,5.9,6.1,6.2,440,487.0,0.181,否,100%,"(347.3,248.5,446.1)","(347.3,248.5,446.1)","(345.3,248.5,446.4)",2.0/2.0/0.0,-2.0,平
148,14:00:13,StekIo,73.1,脱靶,脱靶,GM自研,70-80,5.8,6.1,6.3,445,0.0,0.000,否,100%,"(356.1,248.5,440.4)","(356.1,248.5,440.4)","(51.1,-185.5,-94.7)",753.5/615.9/-434.0,10.8,平
149,14:00:37,StekIo,87.2,-10,命中,GM自研,80-90,5.9,6.1,6.2,440,396.7,0.220,否,100%,"(542.8,248.5,486.4)","(542.8,248.5,486.4)","(543.7,248.5,484.0)",2.5/2.5/0.0,-1.7,平
150,14:00:38,StekIo,89.3,-20,命中,GM自研,80-90,5.9,6.1,6.2,440,456.1,0.196,否,100%,"(548.8,248.5,497.0)","(548.8,248.5,497.0)","(547.7,248.5,494.6)",2.6/2.6/0.0,-2.6,平
151,14:00:38,StekIo,89.6,-20,命中,GM自研,80-90,5.9,6.1,6.2,440,399.1,0.225,否,100%,"(551.4,248.5,508.3)","(551.4,248.5,508.3)","(550.9,248.5,507.2)",1.2/1.2/0.0,-1.2,平
152,14:00:40,StekIo,95.8,-30,命中,GM自研,90-100,5.8,6.0,6.2,435,417.3,0.229,否,100%,"(543.8,248.5,532.2)","(543.8,248.5,532.2)","(543.8,248.5,530.8)",1.4/1.4/0.0,-1.4,平
153,14:00:41,StekIo,103.2,脱靶,脱靶,GM自研,100-110,5.8,5.8,6.0,430,0.0,0.000,否,100%,"(519.9,248.5,553.7)","(519.9,248.5,553.7)","(511.6,248.5,565.1)",14.1/14.1/0.0,12.7,平
154,14:00:43,StekIo,101.2,-10,命中,GM自研,100-110,5.8,5.8,6.0,430,401.6,0.252,否,100%,"(505.3,248.5,572.0)","(505.3,248.5,572.0)","(505.0,248.5,569.5)",2.5/2.5/0.0,-1.7,平
155,14:00:43,StekIo,96.0,脱靶,脱靶,GM自研,90-100,5.8,6.0,6.2,435,0.0,0.000,否,100%,"(499.7,253.8,568.5)","(499.7,253.8,568.5)","(496.5,248.5,571.4)",6.8/4.4/-5.2,3.1,上升
156,14:00:44,StekIo,95.3,脱靶,脱靶,GM自研,90-100,5.8,6.0,6.2,435,0.0,0.000,否,100%,"(494.7,248.5,572.8)","(494.7,248.5,572.8)","(53.7,-259.8,-104.5)",954.8/808.2/-508.3,-82.1,平
157,14:01:15,StekIo,106.6,-10,命中,GM自研,100-110,5.8,5.8,6.0,430,125.9,0.847,否,100%,"(467.9,248.5,580.2)","(467.9,248.5,580.2)","(480.0,248.5,585.4)",13.2/13.2/0.0,7.4,平
158,14:01:16,StekIo,106.7,脱靶,脱靶,GM自研,100-110,5.8,5.8,6.0,430,0.0,0.000,否,100%,"(491.6,248.5,585.7)","(491.6,248.5,585.7)","(504.9,248.5,584.3)",13.4/13.4/0.0,13.3,平
159,14:01:17,StekIo,116.4,-10,命中,GM自研,110-120,5.6,5.6,5.8,425,398.1,0.292,否,100%,"(523.0,248.5,580.4)","(523.0,248.5,580.4)","(521.9,248.5,580.4)",1.1/1.1/0.0,-1.0,平
160,14:01:18,StekIo,116.7,-20,命中,GM自研,110-120,5.6,5.6,5.8,425,400.3,0.292,否,100%,"(533.4,248.5,576.4)","(533.4,248.5,576.4)","(533.2,248.5,576.4)",0.2/0.2/0.0,-0.2,平
161,14:01:19,StekIo,111.7,-10,命中,GM自研,110-120,5.6,5.6,5.8,425,428.5,0.261,否,100%,"(546.9,248.5,567.4)","(546.9,248.5,567.4)","(546.1,248.5,567.7)",0.9/0.9/0.0,-0.9,平
162,14:01:19,StekIo,112.0,脱靶,脱靶,GM自研,110-120,5.6,5.6,5.8,425,0.0,0.000,否,100%,"(556.7,248.5,560.8)","(556.7,248.5,560.8)","(59.5,-149.8,-90.5)",911.1/819.4/-398.3,-54.5,平
163,14:01:46,StekIo,108.2,-10,命中,GM自研,100-110,5.8,5.8,6.0,430,368.0,0.294,否,100%,"(586.3,248.5,489.0)","(586.3,248.5,489.0)","(586.1,248.5,489.2)",0.4/0.4/0.0,0.3,平
164,14:01:47,StekIo,108.4,脱靶,脱靶,GM自研,100-110,5.8,5.8,6.0,430,0.0,0.000,否,100%,"(586.0,248.5,492.6)","(586.0,248.5,492.6)","(585.6,248.5,496.4)",3.9/3.9/0.0,3.9,平
165,14:01:48,StekIo,113.1,脱靶,脱靶,GM自研,110-120,5.6,5.6,5.8,425,0.0,0.000,否,100%,"(586.0,248.5,492.1)","(586.0,248.5,492.1)","(585.0,248.5,501.0)",9.0/9.0/0.0,-9.0,平
166,14:01:49,StekIo,113.2,-40,命中,GM自研,110-120,5.6,5.6,5.8,425,374.5,0.302,否,100%,"(584.0,248.5,507.3)","(584.0,248.5,507.3)","(583.9,248.5,507.4)",0.2/0.2/0.0,0.2,平
167,14:01:50,StekIo,113.5,-10,命中,GM自研,110-120,5.6,5.6,5.8,425,119.2,0.952,否,100%,"(579.3,248.5,524.4)","(579.3,248.5,524.4)","(574.0,248.5,536.3)",13.0/13.0/0.0,12.9,平
168,14:01:52,StekIo,114.1,脱靶,脱靶,GM自研,110-120,5.6,5.6,5.8,425,0.0,0.000,否,100%,"(567.9,248.5,547.8)","(567.9,248.5,547.8)","(559.9,248.5,558.1)",13.0/13.0/0.0,12.8,平
169,14:01:53,StekIo,114.7,-10,命中,GM自研,110-120,5.6,5.6,5.8,425,134.6,0.852,否,100%,"(553.0,248.5,566.3)","(553.0,248.5,566.3)","(545.6,248.5,572.7)",9.8/9.8/0.0,9.7,平
170,14:02:09,StekIo,98.3,脱靶,脱靶,GM自研,90-100,5.8,6.0,6.2,435,0.0,0.000,否,100%,"(357.2,248.5,446.2)","(357.2,248.5,446.2)","(358.8,248.5,443.0)",3.6/3.6/0.0,-3.6,平
171,14:02:11,StekIo,99.5,-20,命中,GM自研,90-100,5.8,6.0,6.2,435,397.4,0.250,否,100%,"(357.9,248.5,445.2)","(357.9,248.5,445.2)","(358.1,248.5,444.8)",0.5/0.5/0.0,-0.5,平
172,14:02:11,StekIo,102.8,-10,命中,GM自研,100-110,5.8,5.8,6.0,430,408.7,0.251,否,100%,"(356.1,248.5,450.2)","(356.1,248.5,450.2)","(356.2,248.5,450.0)",0.3/0.3/0.0,-0.3,平
173,14:02:12,StekIo,106.0,脱靶,脱靶,GM自研,100-110,5.8,5.8,6.0,430,0.0,0.000,否,100%,"(352.6,248.5,462.9)","(352.6,248.5,462.9)","(350.8,248.5,475.8)",13.0/13.0/0.0,12.9,平
174,14:02:13,StekIo,106.1,脱靶,脱靶,GM自研,100-110,5.8,5.8,6.0,430,0.0,0.000,否,100%,"(350.2,248.5,487.1)","(350.2,248.5,487.1)","(351.5,248.5,500.8)",13.8/13.8/0.0,13.6,平
175,14:02:15,StekIo,111.0,-20,命中,GM自研,110-120,5.6,5.6,5.8,425,461.0,0.241,否,100%,"(354.2,248.5,514.7)","(354.2,248.5,514.7)","(354.0,248.5,513.1)",1.6/1.6/0.0,-1.6,平
176,14:02:16,StekIo,111.2,-10,命中,GM自研,110-120,5.6,5.6,5.8,425,464.9,0.239,否,100%,"(358.2,248.5,526.4)","(358.2,248.5,526.4)","(357.9,248.5,525.0)",1.4/1.4/0.0,-1.4,平
177,14:02:16,StekIo,106.5,-10,命中,GM自研,100-110,5.8,5.8,6.0,430,125.9,0.846,否,100%,"(364.9,248.5,540.6)","(364.9,248.5,540.6)","(371.3,248.5,550.1)",11.4/11.4/0.0,11.3,平
178,14:02:18,StekIo,107.1,-10,命中,GM自研,100-110,5.8,5.8,6.0,430,412.2,0.260,否,100%,"(379.7,248.5,560.6)","(379.7,248.5,560.6)","(379.7,248.5,557.5)",3.1/3.1/0.0,-2.4,平
179,14:02:18,StekIo,111.4,脱靶,脱靶,GM自研,110-120,5.6,5.6,5.8,425,0.0,0.000,否,100%,"(393.3,248.5,570.8)","(393.3,248.5,570.8)","(58.7,-202.0,-86.4)",864.2/737.5/-450.6,-691.1,平
180,14:02:36,StekIo,100.7,-10,命中,GM自研,100-110,5.8,5.8,6.0,430,420.9,0.239,否,100%,"(500.1,248.5,339.1)","(500.1,248.5,339.1)","(499.6,248.5,339.1)",0.5/0.5/0.0,-0.5,平
181,14:02:37,StekIo,100.9,-10,命中,GM自研,100-110,5.8,5.8,6.0,430,388.2,0.260,否,100%,"(508.0,248.5,341.9)","(508.0,248.5,341.9)","(508.8,248.5,341.4)",1.0/1.0/0.0,0.6,平
182,14:02:38,StekIo,102.1,-10,命中,GM自研,100-110,5.8,5.8,6.0,430,410.1,0.249,否,100%,"(519.7,248.5,346.4)","(519.7,248.5,346.4)","(518.9,248.5,346.2)",0.9/0.9/0.0,-0.9,平
183,14:02:39,StekIo,107.8,脱靶,脱靶,GM自研,100-110,5.8,5.8,6.0,430,0.0,0.000,否,100%,"(535.6,248.5,357.4)","(535.6,248.5,357.4)","(544.1,248.5,368.8)",14.2/14.2/0.0,13.6,平
184,14:02:40,StekIo,106.3,-30,命中,GM自研,100-110,5.8,5.8,6.0,430,423.6,0.251,否,100%,"(551.5,248.5,377.1)","(551.5,248.5,377.1)","(549.9,248.5,375.7)",2.1/2.1/0.0,-2.1,平
185,14:02:41,StekIo,112.5,-10,命中,GM自研,110-120,5.6,5.6,5.8,425,142.2,0.791,否,100%,"(561.8,248.5,393.8)","(561.8,248.5,393.8)","(565.3,248.5,402.4)",9.2/9.2/0.0,9.1,平
186,14:02:42,StekIo,113.0,-10,命中,GM自研,110-120,5.6,5.6,5.8,425,448.4,0.252,否,100%,"(569.6,248.5,414.1)","(569.6,248.5,414.1)","(568.6,248.5,411.9)",2.5/2.5/0.0,-2.5,平
187,14:02:43,StekIo,118.2,脱靶,脱靶,GM自研,110-120,5.6,5.6,5.8,425,0.0,0.000,否,100%,"(574.1,248.5,441.9)","(574.1,248.5,441.9)","(54.8,-253.0,-98.9)",902.0/749.8/-501.5,-590.0,平
188,14:03:06,StekIo,101.3,脱靶,脱靶,GM自研,100-110,5.8,5.8,6.0,430,0.0,0.000,否,100%,"(379.9,248.5,495.8)","(379.9,248.5,495.8)","(385.5,248.5,509.8)",15.1/15.1/0.0,15.0,平
189,14:03:08,StekIo,107.2,脱靶,脱靶,GM自研,100-110,5.8,5.8,6.0,430,0.0,0.000,否,100%,"(392.4,248.5,522.9)","(392.4,248.5,522.9)","(401.4,248.5,532.2)",12.9/12.9/0.0,12.5,平
190,14:03:09,StekIo,113.1,脱靶,脱靶,GM自研,110-120,5.6,5.6,5.8,425,0.0,0.000,否,100%,"(411.0,248.5,542.9)","(411.0,248.5,542.9)","(421.5,248.5,551.5)",13.6/13.6/0.0,13.4,平
191,14:03:10,StekIo,113.6,-10,命中,GM自研,110-120,5.6,5.6,5.8,425,375.9,0.302,否,100%,"(429.3,248.5,557.0)","(429.3,248.5,557.0)","(429.3,248.5,556.7)",0.2/0.2/0.0,-0.1,平
192,14:03:11,StekIo,114.1,-20,命中,GM自研,110-120,5.6,5.6,5.8,425,125.4,0.910,否,100%,"(448.1,248.5,566.4)","(448.1,248.5,566.4)","(459.5,248.5,569.9)",11.9/11.9/0.0,11.8,平
193,14:03:13,StekIo,114.7,-20,命中,GM自研,110-120,5.6,5.6,5.8,425,444.8,0.258,否,100%,"(472.2,248.5,572.8)","(472.2,248.5,572.8)","(471.2,248.5,572.5)",1.1/1.1/0.0,-1.1,平
194,14:03:13,StekIo,115.0,-10,命中,GM自研,110-120,5.6,5.6,5.8,425,395.7,0.291,否,100%,"(485.2,248.5,574.1)","(485.2,248.5,574.1)","(485.1,248.5,573.9)",0.2/0.2/0.0,-0.1,平
195,14:03:14,StekIo,115.4,-10,命中,GM自研,110-120,5.6,5.6,5.8,425,366.3,0.315,否,100%,"(503.2,248.5,573.4)","(503.2,248.5,573.4)","(503.1,248.5,573.2)",0.2/0.2/0.0,-0.1,平
196,14:03:15,StekIo,116.5,脱靶,脱靶,GM自研,110-120,5.6,5.6,5.8,425,0.0,0.000,否,100%,"(508.7,248.5,572.4)","(508.7,248.5,572.4)","(53.8,-267.9,-98.6)",961.2/810.7/-516.4,-325.9,平
197,14:03:47,StekIo,112.5,-10,命中,GM自研,110-120,5.6,5.6,5.8,425,369.9,0.304,否,100%,"(448.1,248.5,385.8)","(448.1,248.5,385.8)","(449.3,248.5,385.4)",1.2/1.2/0.0,0.0,平
198,14:03:47,StekIo,112.7,-10,命中,GM自研,110-120,5.6,5.6,5.8,425,432.3,0.261,否,100%,"(465.3,248.5,381.1)","(465.3,248.5,381.1)","(464.8,248.5,381.3)",0.6/0.6/0.0,-0.6,平
199,14:03:48,StekIo,113.0,-20,命中,GM自研,110-120,5.6,5.6,5.8,425,144.0,0.785,否,100%,"(480.2,248.5,379.2)","(480.2,248.5,379.2)","(489.8,248.5,379.5)",9.6/9.6/0.0,9.5,平
200,14:03:49,StekIo,113.5,-10,命中,GM自研,110-120,5.6,5.6,5.8,425,439.5,0.258,否,100%,"(503.3,248.5,380.4)","(503.3,248.5,380.4)","(501.8,248.5,380.5)",1.5/1.5/0.0,-1.5,平
201,14:03:50,StekIo,113.8,-10,命中,GM自研,110-120,5.6,5.6,5.8,425,460.5,0.247,否,100%,"(514.7,248.5,382.8)","(514.7,248.5,382.8)","(513.4,248.5,382.8)",1.3/1.3/0.0,-1.3,平
202,14:03:50,StekIo,114.0,脱靶,脱靶,GM自研,110-120,5.6,5.6,5.8,425,0.0,0.000,否,100%,"(526.3,248.5,386.6)","(526.3,248.5,386.6)","(57.3,-223.3,-103.6)",826.4/678.4/-471.9,-593.8,平
203,14:04:04,StekIo,116.6,-10,命中,GM自研,110-120,5.6,5.6,5.8,425,399.9,0.292,否,100%,"(520.6,248.5,396.2)","(520.6,248.5,396.2)","(520.7,248.5,396.5)",0.3/0.3/0.0,-0.2,平
204,14:04:05,StekIo,116.8,-10,命中,GM自研,110-120,5.6,5.6,5.8,425,121.6,0.961,否,100%,"(511.1,248.5,390.6)","(511.1,248.5,390.6)","(499.0,248.5,385.3)",13.2/13.2/0.0,13.1,平
205,14:04:06,StekIo,117.4,脱靶,脱靶,GM自研,110-120,5.6,5.6,5.8,425,0.0,0.000,否,100%,"(487.9,248.5,381.4)","(487.9,248.5,381.4)","(482.9,248.5,380.3)",5.1/5.1/0.0,5.1,平
206,14:04:07,StekIo,117.6,脱靶,脱靶,GM自研,110-120,5.6,5.6,5.8,425,0.0,0.000,否,100%,"(480.7,248.5,379.8)","(480.7,248.5,379.8)","(475.5,248.5,379.0)",5.2/5.2/-0.0,5.2,平
207,14:04:09,StekIo,117.7,-20,命中,GM自研,110-120,5.6,5.6,5.8,425,417.6,0.282,否,100%,"(465.8,248.5,377.8)","(465.8,248.5,377.8)","(466.1,248.5,377.9)",0.3/0.3/0.0,-0.3,平
208,14:04:10,StekIo,117.8,-10,命中,GM自研,110-120,5.6,5.6,5.8,425,373.5,0.315,否,100%,"(454.7,248.5,377.3)","(454.7,248.5,377.3)","(455.5,248.5,377.5)",0.9/0.9/0.0,-0.9,平
209,14:04:10,StekIo,118.1,脱靶,脱靶,GM自研,110-120,5.6,5.6,5.8,425,0.0,0.000,否,100%,"(440.0,248.5,378.4)","(440.0,248.5,378.4)","(53.5,-242.1,-87.7)",779.3/605.5/-490.6,353.2,平
210,14:04:59,StekIo,261.6,脱靶,脱靶,GM自研,260-270,1.7,2.3,2.5,336,0.0,0.000,否,100%,"(313.7,248.5,539.6)","(313.7,248.5,539.6)","(313.7,248.5,539.6)",0.0/0.0/0.0,0.0,平
211,14:05:00,StekIo,245.5,脱靶,脱靶,GM自研,240-250,2.1,2.6,2.8,360,0.0,0.000,否,100%,"(313.7,248.5,539.6)","(313.7,248.5,539.6)","(315.4,248.5,539.1)",1.8/1.8/0.0,0.0,平
212,14:05:01,StekIo,219.5,脱靶,脱靶,GM自研,210-220,2.5,2.8,3.0,375,0.0,0.000,否,100%,"(321.7,248.5,521.2)","(321.7,248.5,521.2)","(328.8,248.5,521.3)",7.1/7.1/0.0,2.6,平
213,14:05:11,StekIo,113.9,-10,命中,GM自研,110-120,5.6,5.6,5.8,425,439.3,0.259,否,100%,"(457.9,248.5,535.9)","(457.9,248.5,535.9)","(456.9,248.5,535.6)",1.0/1.0/0.0,-1.0,平
214,14:05:12,StekIo,114.5,-10,命中,GM自研,110-120,5.6,5.6,5.8,425,377.5,0.303,否,100%,"(481.3,248.5,536.9)","(481.3,248.5,536.9)","(480.3,248.5,536.7)",1.0/1.0/0.0,-1.0,平
215,14:05:13,StekIo,114.7,-30,命中,GM自研,110-120,5.6,5.6,5.8,425,377.2,0.304,否,100%,"(492.8,248.5,535.6)","(492.8,248.5,535.6)","(492.3,248.5,535.4)",0.5/0.5/0.0,-0.5,平
216,14:05:13,StekIo,115.0,-10,命中,GM自研,110-120,5.6,5.6,5.8,425,465.6,0.247,否,100%,"(504.6,248.5,533.0)","(504.6,248.5,533.0)","(503.5,248.5,533.1)",1.1/1.1/0.0,-1.1,平
217,14:05:14,StekIo,115.3,-10,命中,GM自研,110-120,5.6,5.6,5.8,425,394.9,0.292,否,100%,"(515.0,248.5,529.6)","(515.0,248.5,529.6)","(514.4,248.5,529.6)",0.6/0.6/0.0,-0.5,平
218,14:05:14,StekIo,115.6,脱靶,脱靶,GM自研,110-120,5.6,5.6,5.8,425,0.0,0.000,否,100%,"(526.9,248.5,524.4)","(526.9,248.5,524.4)","(538.3,248.5,517.4)",13.5/13.5/0.0,13.3,平
219,14:05:16,StekIo,116.2,-20,命中,GM自研,110-120,5.6,5.6,5.8,425,371.1,0.313,否,100%,"(545.4,248.5,512.4)","(545.4,248.5,512.4)","(545.3,248.5,512.3)",0.2/0.2/0.0,-0.1,平
220,14:05:16,StekIo,116.4,脱靶,脱靶,GM自研,110-120,5.6,5.6,5.8,425,0.0,0.000,否,100%,"(555.2,248.5,503.8)","(555.2,248.5,503.8)","(54.6,-184.3,-90.2)",889.2/776.8/-432.8,16.3,平
221,14:05:36,StekIo,118.9,脱靶,脱靶,GM自研,110-120,5.6,5.6,5.8,425,0.0,0.000,否,100%,"(598.4,248.5,443.1)","(598.4,248.5,443.1)","(602.6,248.5,456.8)",14.3/14.3/0.0,14.2,平
222,14:05:38,StekIo,119.5,-20,命中,GM自研,110-120,5.6,5.6,5.8,425,139.6,0.856,否,100%,"(604.8,248.5,466.2)","(604.8,248.5,466.2)","(605.9,248.5,476.5)",10.3/10.3/0.0,10.2,平
223,14:05:39,StekIo,120.0,-10,命中,GM自研,110-120,5.6,5.6,5.8,425,140.4,0.854,否,100%,"(606.5,248.5,489.2)","(606.5,248.5,489.2)","(605.6,248.5,500.1)",11.0/11.0/0.0,10.9,平
224,14:05:40,StekIo,120.5,-10,命中,GM自研,120-130,5.4,5.3,5.5,420,394.3,0.306,否,100%,"(603.8,248.5,512.1)","(603.8,248.5,512.1)","(603.8,248.5,511.2)",0.9/0.9/0.0,-0.9,平
225,14:05:40,StekIo,120.8,-30,命中,GM自研,120-130,5.4,5.3,5.5,420,396.5,0.305,否,100%,"(600.8,248.5,523.5)","(600.8,248.5,523.5)","(599.6,248.5,520.8)",3.0/3.0/0.0,-2.3,平
226,14:05:41,StekIo,119.3,脱靶,脱靶,GM自研,110-120,5.6,5.6,5.8,425,0.0,0.000,否,100%,"(595.0,248.5,533.7)","(595.0,248.5,533.7)","(588.7,248.5,545.8)",13.7/13.7/0.0,13.6,平
227,14:05:42,StekIo,125.5,脱靶,脱靶,GM自研,120-130,5.4,5.3,5.5,420,0.0,0.000,否,100%,"(580.9,248.5,558.2)","(580.9,248.5,558.2)","(571.5,248.5,566.1)",12.2/12.2/0.0,11.7,平
228,14:05:44,StekIo,124.0,脱靶,脱靶,GM自研,120-130,5.4,5.3,5.5,420,0.0,0.000,否,100%,"(561.9,248.5,576.1)","(561.9,248.5,576.1)","(53.7,-158.8,-105.2)",942.5/849.9/-407.3,-134.0,平
229,14:06:33,StekIo,116.3,脱靶,脱靶,GM自研,110-120,5.6,5.6,5.8,425,0.0,0.000,否,100%,"(444.0,248.5,568.0)","(444.0,248.5,568.0)","(457.4,248.5,573.0)",14.3/14.3/0.0,14.2,平
230,14:06:34,StekIo,116.8,-30,命中,GM自研,110-120,5.6,5.6,5.8,425,401.4,0.291,否,100%,"(466.7,248.5,575.7)","(466.7,248.5,575.7)","(466.6,248.5,575.4)",0.3/0.3/0.0,-0.2,平
231,14:06:35,StekIo,117.1,-10,命中,GM自研,110-120,5.6,5.6,5.8,425,384.9,0.304,否,100%,"(480.4,248.5,577.9)","(480.4,248.5,577.9)","(479.8,248.5,577.6)",0.7/0.7/0.0,-0.7,平
232,14:06:36,StekIo,124.7,-10,命中,GM自研,120-130,5.4,5.3,5.5,420,361.1,0.345,否,100%,"(496.9,248.5,578.6)","(496.9,248.5,578.6)","(497.4,248.5,578.4)",0.5/0.5/0.0,0.5,平
233,14:06:37,StekIo,125.0,-10,命中,GM自研,120-130,5.4,5.3,5.5,420,415.5,0.301,否,100%,"(510.8,248.5,577.6)","(510.8,248.5,577.6)","(509.3,248.5,577.4)",1.5/1.5/0.0,-1.5,平
234,14:06:37,StekIo,125.2,脱靶,脱靶,GM自研,120-130,5.4,5.3,5.5,420,0.0,0.000,否,100%,"(522.6,248.5,575.3)","(522.6,248.5,575.3)","(535.5,248.5,571.4)",13.5/13.5/0.0,13.4,平
235,14:06:39,StekIo,133.0,-20,命中,GM自研,130-140,5.2,5.0,5.2,415,139.9,0.951,否,100%,"(549.4,248.5,566.2)","(549.4,248.5,566.2)","(559.1,248.5,560.7)",11.1/11.1/0.0,11.0,平
236,14:06:40,StekIo,133.5,脱靶,脱靶,GM自研,130-140,5.2,5.0,5.2,415,0.0,0.000,否,100%,"(570.8,248.5,553.5)","(570.8,248.5,553.5)","(55.6,-187.9,-92.5)",934.5/826.3/-436.4,-95.5,平
237,14:07:07,StekIo,115.2,-10,命中,GM自研,110-120,5.6,5.6,5.8,425,485.4,0.237,否,100%,"(534.7,248.5,354.0)","(534.7,248.5,354.0)","(533.2,248.5,353.5)",1.6/1.6/0.0,-1.6,平
238,14:07:08,StekIo,115.5,-20,命中,GM自研,110-120,5.6,5.6,5.8,425,366.6,0.315,否,100%,"(545.1,248.5,359.9)","(545.1,248.5,359.9)","(543.6,248.5,359.4)",1.6/1.6/0.0,-1.6,平
239,14:07:08,StekIo,115.7,脱靶,脱靶,GM自研,110-120,5.6,5.6,5.8,425,0.0,0.000,否,100%,"(554.7,248.5,367.1)","(554.7,248.5,367.1)","(563.7,248.5,375.4)",12.2/12.2/0.0,12.1,平
240,14:07:09,StekIo,116.1,-20,命中,GM自研,110-120,5.6,5.6,5.8,425,130.4,0.891,否,100%,"(564.0,248.5,375.7)","(564.0,248.5,375.7)","(566.7,248.5,378.7)",4.1/4.1/0.0,4.1,平
241,14:07:11,StekIo,116.2,-10,命中,GM自研,110-120,5.6,5.6,5.8,425,418.1,0.278,否,100%,"(570.2,248.5,382.8)","(570.2,248.5,382.8)","(570.1,248.5,382.7)",0.2/0.2/0.0,-0.2,平
242,14:07:11,StekIo,116.2,-20,命中,GM自研,110-120,5.6,5.6,5.8,425,386.4,0.301,否,100%,"(575.1,248.5,389.1)","(575.1,248.5,389.1)","(574.8,248.5,388.7)",0.5/0.5/0.0,-0.5,平
243,14:07:12,StekIo,116.4,-10,命中,GM自研,110-120,5.6,5.6,5.8,425,393.2,0.296,否,100%,"(580.5,248.5,397.1)","(580.5,248.5,397.1)","(579.9,248.5,396.4)",0.9/0.9/0.0,-0.9,平
244,14:07:13,StekIo,116.6,脱靶,脱靶,GM自研,110-120,5.6,5.6,5.8,425,0.0,0.000,否,100%,"(587.4,248.5,410.0)","(587.4,248.5,410.0)","(592.3,248.5,423.8)",14.7/14.7/0.0,14.5,平
245,14:07:14,StekIo,117.1,脱靶,脱靶,GM自研,110-120,5.6,5.6,5.8,425,0.0,0.000,否,100%,"(595.0,248.5,433.2)","(595.0,248.5,433.2)","(597.0,248.5,446.9)",13.8/13.8/0.0,13.7,平
246,14:07:15,StekIo,117.7,脱靶,脱靶,GM自研,110-120,5.6,5.6,5.8,425,0.0,0.000,否,100%,"(597.7,248.5,458.1)","(597.7,248.5,458.1)","(53.7,-230.0,-106.2)",918.4/783.9/-478.5,-595.7,平
247,14:07:42,StekIo,129.0,脱靶,脱靶,GM自研,120-130,5.4,5.3,5.5,420,0.0,0.000,否,100%,"(379.4,248.5,391.6)","(379.4,248.5,391.6)","(373.6,248.5,403.0)",12.8/12.8/0.0,12.6,平
248,14:07:44,StekIo,129.5,-20,命中,GM自研,120-130,5.4,5.3,5.5,420,136.1,0.952,否,100%,"(367.9,248.5,416.1)","(367.9,248.5,416.1)","(364.4,248.5,428.3)",12.7/12.7/0.0,12.6,平
249,14:07:45,StekIo,130.0,脱靶,脱靶,GM自研,120-130,5.4,5.3,5.5,420,0.0,0.000,否,100%,"(362.0,248.5,438.3)","(362.0,248.5,438.3)","(362.5,248.5,451.3)",13.0/13.0/0.0,12.6,平
250,14:07:46,StekIo,129.1,-10,命中,GM自研,120-130,5.4,5.3,5.5,420,447.3,0.289,否,100%,"(361.7,248.5,463.0)","(361.7,248.5,463.0)","(361.9,248.5,461.5)",1.5/1.5/0.0,-1.5,平
251,14:07:47,StekIo,129.3,-30,命中,GM自研,120-130,5.4,5.3,5.5,420,437.0,0.296,否,100%,"(362.5,248.5,474.7)","(362.5,248.5,474.7)","(362.6,248.5,473.4)",1.3/1.3/0.0,-1.3,平
252,14:07:47,StekIo,129.6,脱靶,脱靶,GM自研,120-130,5.4,5.3,5.5,420,0.0,0.000,否,100%,"(364.4,248.5,486.6)","(364.4,248.5,486.6)","(368.2,248.5,499.9)",13.9/13.9/0.0,13.8,平
253,14:07:49,StekIo,130.1,-10,命中,GM自研,130-140,5.2,5.0,5.2,415,143.7,0.905,否,100%,"(372.0,248.5,511.0)","(372.0,248.5,511.0)","(376.9,248.5,520.6)",10.8/10.8/0.0,10.8,平
254,14:07:50,StekIo,131.9,脱靶,脱靶,GM自研,130-140,5.2,5.0,5.2,415,0.0,0.000,否,100%,"(384.3,248.5,533.3)","(384.3,248.5,533.3)","(54.3,-201.0,-89.3)",835.8/704.6/-449.5,-703.5,平
